<?xml version="1.0" encoding="UTF-8"?>
<project-private xmlns="http://www.netbeans.org/ns/project-private/1">
    <editor-bookmarks xmlns="http://www.netbeans.org/ns/editor-bookmarks/2" lastBookmarkId="0"/>
    <open-files xmlns="http://www.netbeans.org/ns/projectui-open-files/2">
        <group>
            <file>file:/E:/xampp/htdocs/blog/app/redireccion.inc.php</file>
            <file>file:/E:/xampp/htdocs/blog/registro-correcto.php</file>
            <file>file:/E:/xampp/htdocs/blog/app/validadorRegistro.inc.php</file>
            <file>file:/E:/xampp/htdocs/blog/plantillas/navbar.inc.php</file>
            <file>file:/E:/xampp/htdocs/blog/app/controlSesion.inc.php</file>
            <file>file:/E:/xampp/htdocs/blog/login.php</file>
            <file>file:/E:/xampp/htdocs/blog/index.php</file>
            <file>file:/E:/xampp/htdocs/blog/plantillas/registro_validado.inc.php</file>
            <file>file:/E:/xampp/htdocs/blog/app/config.inc.php</file>
            <file>file:/E:/xampp/htdocs/blog/plantillas/registro_vacio.inc.php</file>
            <file>file:/E:/xampp/htdocs/blog/app/conexion.inc.php</file>
            <file>file:/E:/xampp/htdocs/blog/app/repositorioUsuario.inc.php</file>
            <file>file:/E:/xampp/htdocs/blog/app/validadorLogin.inc.php</file>
        </group>
    </open-files>
</project-private>
